Item ID	English	Swedish	French	Italian	German	Spanish	Russian	Romanian	Bulgarian	Macedonian	Finnish	Danish	Norwegian	Icelandic	Turkish	Lithuanian	Czech	Hungarian	Slovak	Polish	Dutch	Portuguese_European	Portuguese_Brazilian	Chinese	Japanese	Korean	Hindi	Thai	Abenaki	Croatian	Georgian	Greek	Serbian	Ukrainian
IronGreatSwordHTD_Name	Iron Flamberge		Espadon en fer	Zweihänder	Eisernes Großschwert	Gran espada de Hierro	Железный длинный меч								Demir Büyük Kılıç						Ijzeren Langzwaard		Espada Grande de Ferro Pesado	铁质大剑	Iron Flamberge	철 대검								
IronGreatSwordHTD_Desc	A wavy greatsword of death. The design is foreign, but quite effective.		Espadon ondulée. La conception est peu commune mais plutôt efficace.		Ein gewelltes Großschwert des Todes. Das Design ist fremd, aber sehr effektiv.	Una espada ondulada de la muerte, su diseño es un poco extraño pero efectivo.	Двуручный меч с необычным волнистым лезвием, дизайн которого кажется не местным, но все равно является эффективным против врагов.								Kavisli büyük bir ölüm kılıcı, tasarımı yabancı ama oldukça etkili.						Een golvend langzwaard des doods, het ontwerp is vreemd maar zeer effectief.		Uma espada larga ondulada e mortal, a aparência é estranha, mas bastante eficaz.	一把波浪形的死亡大剑，设计很陌生但很有效。	A wavy greatsword of death. The design is foreign, but quite effective.	뱀모양의 이국적인 검신은 생각보다 효과적입니다.								
IronHeavyGreatSwordHTD_Name	Iron Zweihander		Lourde espadon en fer		Schweres Eisengroßschwert	Gran espada de Hierro pesada	Железный тяжелый длинный меч								Ağır Demir Büyük Kılıç						Zwaar Ijzeren Langzwaard		Espada Grande de Ferro Pesado	重铁大剑	Iron Zweihander	중철 대검								
IronHeavyGreatSwordHTD_Desc	A foreign weapon design that is heavier towards the end, and in general. Harder to swing, but devastatingly effective.		Une arme lourde de conception étrangère. Plus difficile à manier mais plus puissante qu'une espadon en fer classique.		Eine Waffe mit ausländischem Design, die gegen Ende und im Allgemeinen schwerer ist. Schwerer zu schwingen, aber stärker als ein normales Großschwert.	Un diseño extranjero con el peso en la punta, dificil de blandir pero mas fuerte que su hermana pequeña.	Чужестранное оружее с ощутимым перевесом в лезвии. Им труднее размахивать, но тем не менее он сильнее, чем обычный длинный железный меч.								Sonlara doğru ve genel olarak daha ağır olan başka bir yabancı tasarım. Savurması daha zor ama normal demir büyük kılıçtan daha güçlü.						Een vreemd ontworpen wapen dat zwaarder is richting de punt. Het is moeilijker te zwaaien maar sterker dan een normaal langzwaard		Uma arma de design estrangeiro, é mais pesada no final . Mais difícil de balançar, porém mais forte do que uma espada larga normal.	一种外来人设计的武器，在接近尾端时更重，一般来说。更难挥舞，但比普通的巨剑更强。	A foreign weapon design that is heavier towards the end, and in general. Harder to swing, but devastatingly effective.	끝으로 갈수록 무거워지는 검신은 휘두르기 어렵지만 일반 철 양손검보다 강합니다.								
SilverGreatSwordHTD_Name	Silver Greatsword		Espadon en argent		Silbernes Großschwert	Gran espada de Plata	Серебряный длинный меч								Gümüş Büyük Kılıç						Zilveren Langzwaard		Espada Grande de Prata	银质大剑	Silver Greatsword Ather	은 대검								
SilverGreatSwordHTD_Desc	A large, ceremonial sword forged from pure silver, often carried by warrior nobility. Though not expressly made for combat, it has excellent range and the silver blade rends the undead apart.		Une espadon de cérémonie argentée. Les nobles guerriers ne choisiraient pas de renoncer à leur sécurité par choix. Cependant, la portée et sa lame argentée rendent cette arme idéale pour les hordes de morts-vivants.		Ein großes versilbertes Zeremonialschwert, edle Krieger würden ihre persönliche Sicherheit nicht freiwillig aufgeben. Die Reichweite und das Silber machen diese Waffe jedoch großartig für Horden von Untoten.	Una larga espada ceremonial, normalmente los nobles no eligen un arma que los deje desprotegidos. En cualquier caso, el rango y el material hacen que esta arma sea buena para las hordas de los no-muertos.	Длинный церемониальный меч украшенный серебром, ни один благородный воин не отказался бы от своей безопасности, однако длинное лезвие и чистое серебро делают его отличным оружием против полчищ нежити.								Büyük bir gümüş merasim kılıcı. Asil olan savaşçılar kişisel güvenliklerinden vazgeçmeyi tercih etmezler. Ancak menzili ve saf gümüşten olması onu ölümsüz ordular için harika bir tercih olarak kılıyor.						Een groot verzilverd ceremonieel zwaard, adele krijgers zouden hun veiligheid niet vrijwillig opgeven. Evenals, het bereik en het zilver maken dit wapen geweldig tegen hordes ondonden.		Uma grande espada cerimonial de prata, os nobres guerreiros não escolheriam abrir mão de sua segurança pessoal. No entanto, o alcance e a prata tornam esta arma excelente para hordas de mortos-vivos.	一把超大的镀银仪式用剑，高贵的武者会用它捍卫自己的安全。 挥舞的范围和纯银材质对亡灵生物而言是致命的。	A large, ceremonial sword forged from pure silver, often carried by warrior nobility. Though not expressly made for combat, it has excellent range and the silver blade rends the undead apart.	은으로 도금된 의식용 검. 이검을 지닌 고귀한 전사들은 죽은자들과의 싸움을 주저하지 않습니다.								
SilverGreatMaceHTD_Name	Great Silver Mace		Masse en argent		Großer Silberstreitkolben	Gran mazo de Plata	Серебряная двуручная булава								Büyük Gümüş Gürz						Zilveren Grootknots		Excelente Maça de Prata	大银锤	Great Silver Mace Ather	은 양손메이스								
SilverGreatMaceHTD_Desc	Forged with silver and enchanted, its dense metal and purifying bite cleaves through the undead. Further, its enchantments grant it the ability to freeze those that meet its bludgeoning head.		Forgé avec de l'argent et enchanté, le poids de sa tête contondante la rend idéal contre les morts-vivants. Les enchantements lui donnent la capacité de geler ceux qu'elle touche.		Mit Silber geschmiedet und verzaubert, macht es das Gewicht des Knüppelkopfes großartig gegen die Untoten. Die Verzauberungen geben ihm die Fähigkeit, diejenigen einzufrieren, die er trifft.	Forjada y encantada con plata, su peso y material la convierte en un arma muy deseada para acabar con los no-muertos. Los encantamientos le otorgan el poder de congelar con cada golpe.	Зачарованная булава, выкованная из серебра, что делает её отличным оружием против нежити. Чары в свою очередь дают ей возможность замораживать пораженных врагов.								Gümüşle dövülmüş ve büyülenmiş, gümüşün ağırlığı, arındırıcı metalden ve yoğunluktan onu ölümsüzlere karşı harika kılıyor. Büyüler ona çarptığını dondurma yeteneği sağlar.						Gesmeed met zilver en betoverd, het gewicht van de knots maakt het gewldig tegen ondoden. De betoveringen geeft het de kracht degene die geraakt worden te bevriezen.		Forjado com prata e encantado, o peso da cabeça do golpe o torna grande contra os mortos-vivos. Os encantamentos dão a habilidade de congelar esses golpes.	用银锻造并附魔，银的重量使其从净化金属和密度上可以很好地对抗不死生物。 附魔使它能够冻结它击中的人。	Forged with silver and enchanted, its dense metal and purifying bite cleaves through the undead. Further, its enchantments grant it the ability to freeze those that meet its bludgeoning head.	은으로 단조되고 마법이 부여된 은 양손메이스는 교회의 이단심문관의 주무기입니다. 죽은자들에게 효과적입니다.								
SilverBattleaxeHTD_Name	Silver Battleaxe		Hache en argent		Silberne Streitaxt	Hacha de guerra de Plata	Серебряная секира								Gümüş Savaş Baltası						Zilveren Strijdbijl		Machado de Batalha de Prata	银色战斧	Silver Battleaxe Ather	은 전투도끼								
SilverBattleaxeHTD_Desc	Purest of metals, this battleaxe is touched by the fury of the sky and cackles with electricity.  It's also pretty good at cutting trees.		Fabriquée à partir des métaux les plus purs, cette hache de combat est touchée par la fureur du ciel et la fait crépiter d'électricité.		Diese aus reinsten Metallen gefertigte Streitaxt wird von der Wut des Himmels berührt und lässt sie vor Elektrizität knistern. Es kann auch aufgrund von Sunder Trees machen.	Forjada con el mas puro de los metales, esta hacha de batalla es tocada por la furia del cielo, haciéndola crepitar con la electricidad.	Боевой топор из чистейшего из металлов, наполненный яростью неба, заставляющей его излучать электрические разряды. Искры также могут появится и при рубке деревьев.								Metallerin en safından olan bu savaş baltası, gökyüzünün gazabından etkilenir ve elektrikle kıvılcımlanır. Uzuvkoparan ağaçlar nedeniyle de yapabilir.						Gemaakt van de puurste metalen, deze strijdbijl is geraakt door de furie van de lucht waardoor het knettert met elektriciteit. Het zal ook voldoen om bome te splijtsen.		Feito com o mais puro dos metais, este machado de batalha é tocado pela fúria do céu fazendo-o estalar com eletricidade. Também pode ocorrer devido a árvores rachadas.	最纯净的金属，这把战斧被天空的愤怒所触动，使其发出电流声。 它也可能因树木被破坏而产生。	Purest of metals, this battleaxe is touched by the fury of the sky and cackles with electricity.  It's also pretty good at cutting trees.	순수한 금속인 이 전투도끼는 하늘의 분노에 전율합니다.								
BlackMetalGreatSwordHTD_Name	Black Metal Greatsword		Espadon en sombracier		Schwarzmetall-Großschwert	Gran espada de Metal Oscuro	Длинный меч из черного металла								Karametal Büyük Kılıç						Zwart Metaal Langzwaard		Espada de Metal Negro	黑金属大剑	Black Metal Greatsword	흑철 대검								
BlackMetalGreatSwordHTD_Desc	A simple, yet crude great sword that shines with a beautiful emerald gleam.		Espadon simple et relativement grossierère, sa lame brille d'un vert émeraude lui donnant un bel éclat.		Ein einfaches und doch grobes Großschwert, dessen Klinge grün glänzt und ihm einen schönen Glanz verleiht.	Un espadón algo tosco pero simple, la hoja brilla con un tenue verde dándole un hermoso brillo.	Большой и грубый меч с небольшим зеленым сиянием, которое придает ему прекрасные отблески.								Basit ama yine de kaba bir büyük kılıç, yeşil parlıyor ve ona güzel bir parıltı veriyor.								Uma espada larga e simples, mas rude, sua lâmina brilha em verde, dando-lhe um belo brilho.	简单粗暴的大剑，闪烁着绿色的光芒，散发着美丽的光芒。	A simple, yet crude great sword that shines with a beautiful emerald gleam.	조잡하지만 단순한 대검으로 녹색으로 빛나고있습니다.								
BlackMetalBattleaxeHTD_Name	Black Metal Battleaxe		Hache de combat en sombracier		Streitaxt aus schwarzem Metall	Hacha de guerra de Metal Oscuro	Секира из черного металла								Karametal Savaş Baltası						Zwart metaal Strijdbijl		Machado de Batalha de Metal Negro	黑金属战斧	Black Metal Battleaxe Ather	흑철 전투도끼								
BlackMetalBattleaxeHTD_Desc	A heavy-headed battleaxe forged from dark metal with an emerald sheen.		Une hache de guerre lourde forgée à partir de sombracier et d'un éclat émeraude.		Eine schwere Streitaxt aus dunklem Metall mit smaragdgrünem Glanz.	Un hacha de batalla pesada forjada en metal oscuro con un brillo verde esmeralda.	Тяжелый боевой топор, выкованный из темного металла и доведённый до изумрудного блеска.								Zümrüt parlaklığına sahip karametalden dövülmüş ağır uçlu bir savaş baltası.								Um machado de batalha de ponta pesada forjado em metal escuro com um brilho esmeralda.	一把重头战斧，由带有祖母绿光泽的深色金属锻造而成。	A heavy-headed battleaxe forged from dark metal with an emerald sheen.	녹색 빛을 띄는 흑철로 만든 튼튼한 전투도끼입니다.								
CoreGreatMaceHTD_Name	Great Core Mace		Grande masse ardente		Großer Kernstreitkolben	Gran mazo del Núcleo	Пламенная булава								Büyük Çekirdekli Gürz						Kern Grootknots		Grande Maça de Núcleo Surtling	大核心钉头锤	Great Core Mace	코어 양손 메이스								
CoreGreatMaceHTD_Desc	An extremely heavy mace forged with dark iron and a burning Surtling core. Capable of smashing and incinerating with equal fury.		Une masse extrêmement lourde conçue à partir de sombracier et d'un noyau de Surtling, brillant toujours de mille feux. Écrasez et brûlez tous ceux qui s'opposent à vous.		Ein extrem schwerer Streitkolben aus dunklem Eisen und einem schillernden Kern, der immer noch hell leuchtet. Zerschmettere und verbrenne diejenigen, die sich dir widersetzen.	Un mazo extremadamente pesado forjado con hierro oscuro y un núcleo de Surtling que aún brilla intensamente. Aplasta y quema a los que se oponen a ti.	Чрезвычайно тяжелая булава, созданная из черного железа и ядра суртлинга. Сокрушайте и сжигайте всех на своем пути.								Koyu renk demirden yapılmış son derece ağır bir gürz ve Surtling özüyle ateşlenen dönen bir çekirdek. Size karşı olanları parçalayın ve yakın.								Uma maça extremamente pesada feito de ferro negro e minério surtling que ainda brilha forte. Esmague e queime aqueles que se opõem a você.	一把由黑铁制成的极其沉重的狼牙棒和一个用苏特林精华点燃的苏林核心。 粉碎和烧毁那些反对你的人。	An extremely heavy mace forged with dark iron and a burning Surtling core. Capable of smashing and incinerating with equal fury.	흑철과 몬스터의 정수로 만들어진 양손 메이스 입니다. 당신에게 반하는 자를 부수고 불태우십시오.								
CoreGreatMaceGreenHTD_Name	Tarnished Great Core Mace		Grande masse ardente verte		Grüner Großkernstreitkolben	Gran mazo del Núcleo Verde	Зеленая пламенная булава								Yeşil Büyük Çekirdekli Gürz						Groene Kern Grootknots		Grande Maça de Núcleo Surtling Esverdeado	绿色大核狼牙棒	Tarnished Great Core Mace	그린 코어 양손 메이스								
CoreGreatMaceGreenHTD_Desc	An extremely heavy mace made with dark iron and a burning Surtling core. The forging process must have somehow corrupted the core, resulting in an eerie green tinge, but no other special properties.		Une masse extrêmement lourde conçue à partir de sombracier et d'un noyau de Surtling, brillant d'un vert étrange. Écrasez et brûlez tous ceux qui s'opposent à vous.		Ein extrem schwerer Streitkolben aus dunklem Eisen und einem gruseligen Kern, der in einem unheimlichen Grün leuchtet. Zerschmettere und verbrenne diejenigen, die sich dir widersetzen.	Un mazo extremadamente pesado forjado con hierro oscuro y un núcleo de Surtling que brilla con un verde espeluznante. Aplasta y quema a los que se oponen a ti.	Чрезвычайно тяжелая булава, созданная из черного железа и ядра суртлинга. Сокрушайте и сжигайте всех на своем пути. Имеет зеленое свечение.								Koyu renk demirden yapılmış son derece ağır bir gürz ve Surtling özüyle ateşlenen dönen bir çekirdek. Size karşı olanları parçalayın ve yakın. Yeşile boyanmıştır.								Uma maça extremamente pesada feita de ferro negro e um minério surtling que brilha em um verde assustador. Esmague e queime aqueles que se opõem a você.	一把由黑铁制成的极其沉重的狼牙棒和一个用苏特林精华点燃的苏林核心。 粉碎和烧毁那些反对你的人。 它被染成绿色。	An extremely heavy mace made with dark iron and a burning Surtling core. The forging process must have somehow corrupted the core, resulting in an eerie green tinge, but no other special properties.	일반 코어 양손 메이스보다 더 강력한 메이스입니다. 당신에게 반하는 자를 부수고 불태우십시오.								
CoreGreatMaceBlueHTD_Name	Cold Great Core Mace		Grande masse ardente bleu		Blaue Große Kernkeule	Gran mazo del Núcleo Azul	Синяя пламенная булава								Mavi Büyük Çekirdekli Topuz						Blauwe Kern Grootknots		Grande Maça de Núcleo Surtling Frio 	蓝色大核狼牙棒	Cold Great Core Mace	블루 코어 양손 메이스								
CoreGreatMaceBlueHTD_Desc	An extremely heavy mace made with dark iron and a burning Surtling core. The forging process appears to have cooled the core, turning its flames an icy blue, but with no other special properties.		Une masse extrêmement lourde conçue à partir de sombracier et d'un noyau de Surtling, brillant d'un bleu glacial. Écrasez et brûlez tous ceux qui s'opposent à vous.		Eine extrem schwere Keule aus dunklem Eisen und einem Surtlingkern, der eisblau leuchtet. Zerschmettere und verbrenne diejenigen, die sich dir widersetzen.	Un mazo extremadamente pesado forjado con hierro oscuro y un núcleo de Surtling que brilla con un azul congelante. Aplasta y quema a los que se oponen a ti.	Чрезвычайно тяжелая булава, созданная из черного железа и ядра суртлинга. Сокрушайте и сжигайте всех на своем пути. Имеет синее свечение.								Kara metalden ve buz gibi mavi parlayan dalgalı bir çekirdekten yapılmış son derece ağır bir topuz. Karşınızda olanları ezin ve yakın.								Uma maça extretamente pesada feita de ferro negro e um minerio de surtling que brilha um azul gélido. Esmague e congele aqueles que se opõem a você.	由黑铁制成的极其沉重的狼牙棒，其核心是发出冰蓝色的光芒。 粉碎和烧毁那些反对你的人。	An extremely heavy mace made with dark iron and a burning Surtling core. The forging process appears to have cooled the core, turning its flames an icy blue, though with no other special properties.	일반 코어 양손 메이스보다 더 강력한 메이스입니다. 당신에게 반하는 자를 부수고 불태우십시오.								
CoreMaceHTD_Name	Surt Core Mace		Masse ardente				Булава с сердцевиной Пылающего Серта								Çekirdekli Topuz								Maça de Núcleo Surtling		Surt Core Mace									
CoreMaceHTD_Desc	A sturdy mace forged with dark iron and a burning Surtling core. Capable of smashing and incinerating with equal fury.		Une masse lourde conçue à partir de sombracier et d'un noyau de Surtling, brillant toujours de mille feux. Écrasez et brûlez ceux qui s'opposent à vous.				Прочная булава была забита темным железом и пылающим ядром. Можно разбить и навредить равной ярости.								Kara metalden yapılmış ağır bir topuz ve hala parlak parıldayan dalgalı bir çekirdeğe sahip. Size karşı olanları ezin ve yakın.								Uma maça robusta forjada com ferro negro e um núcleo de Surtling em chamas. Capaz de esmagar e incinerar com igual fúria.		A sturdy mace forged with dark iron and a burning Surtling core. Capable of smashing and incinerating with equal fury.									
CoreMaceGreenHTD_Name	Tarnished Surt Core Mace		Masse ardente verte				Потускневшая булава сурта								Yeşil Çekirdekli Topuz								Maça de Núcleo Surtling Esverdeado		Tarnished Surt Core Mace									
CoreMaceGreenHTD_Desc	A sturdy mace made with dark iron and a burning Surtling core. The forging process must have somehow corrupted the core, resulting in an eerie green tinge, but no other special properties.		Une masse lourde conçue à partir de sombracier et d'un noyau de Surtling, brillant d'un vert étrange. Écrasez et brûlez tous ceux qui s'opposent à vous.				Крепкая булава, сделанная из темного железа и горящего ядра Сертлинга. Процесс ковки, должно быть, каким-то образом испортил ядро, что привело к жуткому зеленоватому оттенку, но никаких других особых свойств.								Kara metalden yapılmış ağır bir topuz ve ürkütücü bir yeşillikle parlayan dalgalı bir çekirdeğe sahip. Size karşı olanları ezin ve yakın.								Uma maça robusta feita com ferro negro e um núcleo de Surtling em chamas. O processo de forjamento deve ter corrompido o núcleo de alguma forma, resultando em uma estranha coloração verde, mas sem outras propriedades especiais.		A sturdy mace made with dark iron and a burning Surtling core. The forging process must have somehow corrupted the core, resulting in an eerie green tinge, but no other special properties.									
CoreMaceBlueHTD_Name	Cold Surt Core Mace		Masse ardente bleu				Булава с сердцевиной Холодного Серта								Mavi Çekirdekli Topuz								Maça de Núcleo Surtling Frio		Cold Surt Core Mace									
CoreMaceBlueHTD_Desc	A sturdy mace made with dark iron and a burning Surtling core. The forging process appears to have cooled the core, turning its flames an icy blue, but with no other special properties.		Une masse lourde conçue à partir de sombracier et d'un noyau de Surtling, brillant d'un bleu glacial. Écrasez et brûlez tous ceux qui s'opposent à vous.				Крепкая булава, сделанная из темного железа и горящего ядра Сертлинга. Процесс ковки, по-видимому, охладил ядро, сделав его пламя ледяно-голубым, но без каких-либо других особых свойств.								Kara metalden yapılmış ağır bir topuz ve ürkütücü bir mavilikle parlayan dalgalı bir çekirdeğe sahip. Size karşı olanları ezin ve yakın.								Uma maça robusta feita com ferro negro e um núcleo de Surtling em chamas. O processo de forjamento parece ter esfriado o núcleo, transformando suas chamas em um azul gelado, mas sem outras propriedades especiais.		A sturdy mace made with dark iron and a burning Surtling core. The forging process appears to have cooled the core, turning its flames an icy blue, though with no other special properties.									
CoreGreatAxeHTD_Name	Great Core Battle Axe		Grande hache ardente				Большой боевой топор ядра								Büyük Çekirdekli Topuz								Grande Machado de Batalha de Núcleo Surtling		Great Core Battleaxe									
CoreGreatAxeHTD_Desc	An extremely heavy battleaxe forged with dark iron and a burning Surtling core. It slices and sizzles with a tempestuous heat.		Une hache extrêmement lourde conçue à partir de sombracier et d'un noyau de Surtling, brillant toujours de mille feux. Écrasez et brûlez tous ceux qui s'opposent à vous.				Чрезвычайно тяжелый боевой топор, выкованный из темного железа и горящего ядра Сертлинга. Он режется и шипит от бурного жара.								Kara metalden demirden yapılmış, son derece ağır bir balta ve hala parlak parıldayan, dalgalanan bir çekirdeğe sahip. Size karşı olanları doğrayın ve yakın.								Um machado de batalha extremamente pesado forjado com ferro enegro e um núcleo de Surtling em chamas. Ele corta e chia com um calor tempestuoso.		An extremely heavy battleaxe forged with dark iron and a burning Surtling core. It slices and sizzles with a tempestuous heat.									
CoreGreatAxeGreenHTD_Name	Tarnished Great Core Battle Axe		Grande hache ardente verte				Потускневший боевой топор большого ядра								Yeşil Büyük Çekirdekli Topuz								Grande Machado de Batalha de Núcleo Surtling Esverdeado		Tarnished Great Core Battleaxe									
CoreGreatAxeGreenHTD_Desc	An extremely heavy battleaxe forged with dark iron and a burning Surtling core. The forging process must have somehow corrupted the core, resulting in an eerie green tinge, but no other special properties.		Une hache extrêmement lourde conçue à partir de sombracier et d'un noyau de Surtling, brillant d'un vert étrange. Écrasez et brûlez tous ceux qui s'opposent à vous.				Чрезвычайно тяжелый боевой топор, выкованный из темного железа и горящего ядра Сертлинга. Процесс ковки, должно быть, каким-то образом испортил ядро, что привело к жуткому зеленоватому оттенку, но никаких других особых свойств.								Kara metalden yapılmış, son derece ağır bir balta ve ürkütücü bir yeşillikle parlayan dalgalı bir çekirdeğe sahip. Size karşı olanları ezin ve yakın.								Um machado de batalha extremamente pesado forjado com ferro negro e um núcleo de Surtling em chamas. O processo de forjamento deve ter corrompido o núcleo de alguma forma, resultando em uma estranha coloração verde, mas sem outras propriedades especiais.		An extremely heavy battleaxe forged with dark iron and a burning Surtling core. The forging process must have somehow corrupted the core, resulting in an eerie green tinge, but no other special properties.									
CoreGreatAxeBlueHTD_Name	Cold Great Core Battle Axe		Grande hache ardente bleu				Боевой топор холодного ядра								Mavi Büyük Çekirdekli Topuz								Grande Machado de Batalha de Núcleo Surtling Frio		Cold Great Core Battleaxe									
CoreGreatAxeBlueHTD_Desc	An extremely heavy battleaxe forged with dark iron and a burning Surtling core. The forging process appears to have cooled the core, turning its flames an icy blue, but with no other special properties.		Une hache extrêmement lourde conçue à partir de sombracier et d'un noyau de Surtling, brillant d'un bleu glacial. Écrasez et brûlez tous ceux qui s'opposent à vous.				Чрезвычайно тяжелый боевой топор, выкованный из темного железа и горящего ядра Сертлинга. Процесс ковки, по-видимому, охладил ядро, сделав его пламя ледяно-голубым, но без каких-либо других особых свойств.								Kara metalden yapılmış, son derece ağır bir balta ve ürkütücü bir mavilikte parlayan dalgalı bir çekirdeğe sahip. Size karşı olanları ezin ve yakın.								Um machado de batalha extremamente pesado forjado com ferro negro e um núcleo de Surtling em chamas. O processo de forjamento parece ter esfriado o núcleo, transformando suas chamas em um azul gelado, mas sem outras propriedades especiais.		An extremely heavy battleaxe forged with dark iron and a burning Surtling core. The forging process appears to have cooled the core, turning its flames an icy blue, though with no other special properties.									
CoreAxeHTD_Name	Surt Core Axe		Hache ardente				Сердечный топор Сурта								Çekirdekli Balta								Machado de Batalha de Núcleo Surtling		Surt Core Axe									
CoreAxeHTD_Desc	A sturdy axe forged with dark iron and a burning Surtling core. It slices and sizzles with a tempestuous heat.		Une hache lourde conçue à partir de sombracier et d'un noyau de Surtling, brillant toujours de mille feux. Écrasez et brûlez ceux qui s'opposent à vous.				Крепкий топор, выкованный из темного железа и горящего ядра Сертлинга. Он режется и шипит от бурного жара.								Kara metalden yapılmış ağır bir balta ve hala parıldayan dalgalı bir çekirdeğe sahip. Size karşı olanları doğrayın ve yakın.								Um machado robusto forjado com ferro negro e um núcleo de Surtling em chamas. Ele corta e chia com um calor tempestuoso.		A sturdy axe forged with dark iron and a burning Surtling core. It slices and sizzles with a tempestuous heat.									
CoreAxeGreenHTD_Name	Tarnished Surt Core Axe		Hache ardente verte				Потускневший топор сурта								Yeşil Çekirdekli Topuz								Machado de Batalha de Núcleo Surtling Esverdeado		Tarnished Surt Core Axe									
CoreAxeGreenHTD_Desc	A sturdy axe forged with dark iron and a burning Surtling core. The forging process must have somehow corrupted the core, resulting in an eerie green tinge, but no other special properties.		Une hache lourde conçue à partir de sombracier et d'un noyau de Surtling, brillant d'un vert étrange. Écrasez et brûlez tous ceux qui s'opposent à vous.				Крепкий топор, выкованный из темного железа и горящего ядра Сертлинга. Процесс ковки, должно быть, каким-то образом испортил ядро, что привело к жуткому зеленоватому оттенку, но никаких других особых свойств.								Kara metalden yapılmış ağır bir balta ve ürkütücü bir yeşillikte parlayan dalgalı bir çekirdeğe sahip. Size karşı olanları doğrayın ve yakın.								Um machado robusto forjado com ferro negro e um núcleo de Surtling em chamas. O processo de forjamento deve ter corrompido o núcleo de alguma forma, resultando em uma estranha coloração verde, mas sem outras propriedades especiais.		A sturdy axe forged with dark iron and a burning Surtling core. The forging process must have somehow corrupted the core, resulting in an eerie green tinge, but no other special properties.									
CoreAxeBlueHTD_Name	Cold Surt Core Axe		Hache ardente bleu				Топор ядра холодного серта								Mavi Çekirdekli Topuz								Machado de Batalha de Núcleo Surtling Frio		Cold Surt Core Axe									
CoreAxeBlueHTD_Desc	A sturdy axe forged with dark iron and a burning Surtling core. The forging process appears to have cooled the core, turning its flames an icy blue, but with no other special properties.		Une hache lourde conçue à partir de sombracier et d'un noyau de Surtling, brillant d'un bleu glacial. Écrasez et brûlez tous ceux qui s'opposent à vous.				Крепкий топор, выкованный из темного железа и горящего ядра Сертлинга. Процесс ковки, по-видимому, охладил ядро, сделав его пламя ледяно-голубым, но без каких-либо других особых свойств.								Kara metalden yapılmış ağır bir balta ve ürkütücü bir mavilikle parlayan dalgalı bir çekirdeğe sahip. Size karşı olanları doğrayın ve yakın.								Um machado robusto forjado com ferro negro e um núcleo de Surtling em chamas. O processo de forjamento parece ter esfriado o núcleo, transformando suas chamas em um azul gelado, mas sem outras propriedades especiais.		A sturdy axe forged with dark iron and a burning Surtling core. The forging process appears to have cooled the core, turning its flames an icy blue, though with no other special properties.									
BoneGreatMaceHTD_Name	Death Grip		Emprise de l'immortel		Griff des Unsterblichen	Agarre del Inmortal	Хватка бессмертного								Ölümsüz Kavrama						Grip van Onsterfelijkheid		Alcance dos Imortais	不死之握	Death Grip	불사의 손아귀								
BoneGreatMaceHTD_Desc	Forged from the remains of a troll cursed with undeath, the severed arm clings tightly to its still-beating heart. The blood it pumps is fetid and rotten, rendering it highly toxic to the touch.		Le cœur d'un troll maudit par les morts-vivants, tenu par son bras tranché. Son coeur est alimenté par du sang toxique, le conservant dans un état de non-mort.		Das Herz eines vom Untod verfluchten Trolls, dessen abgetrennter Arm das immer noch schlagende Herz umfasst, das giftiges Blut pumpt, für immer in einem Zustand des Unsterblichen gefangen.	El corazón de un troll maldecido con la no-muerte. Su brazo cercenado sostiene fuertemente el corazón que aún bombea sangre tóxica, atrapado eternamente en un estado inmortal.	Сердце тролля, проклятое на бессмертие, её отрубленная рука будет вечно сжимать все еще бьющееся сердце, которое до сих пор качает ядовитую кровь.								Ölümle lanetlenmiş bir trolün kalbi, kopmuş kolu zehirli kan pompalayan ve sonsuza dek ölümsüz bir durumda kapana kısılmış, hala atan kalbi kavradı.								O coração de um troll amaldiçoado com mortos-vivos, seu braço decepado agarrando o coração ainda batendo que bombeia sangue tóxico, para sempre preso em um estado de imortalidade.	巨魔的心脏被亡灵诅咒，它被切断的手臂抓住了仍在跳动的心脏，泵出有毒血液，永远被困在不死的状态中。	Forged from the remains of a troll cursed with undeath, the severed arm clings tightly to its still-beating heart. The blood it pumps is fetid and rotten, rendering it highly toxic to the touch.	언데드의 저주를 받은 트롤의 심장, 잘려진 팔이 유독 피를 뿜어내고 여전히 고동치는 심장을 움켜쥐고 영원히 불사 상태에 갇힙니다.								
ObsidianGreatSwordHTD_Name	Moder's Sorrow		Le chagrin de Moder		Mutters Kummer	Lamento de Moder	Скорбь Матери								Moder'in Kederi						Moder's Leed		Tristeza de Moder	现代人的悲哀	Moder's Sorrow	모더의 슬픔								
ObsidianGreatSwordHTD_Desc	The lamentable misery of the Mother of Dragons, cast in obsidian and made manifest in the breath of the mountains. Her bite can freeze the very souls of her foes.		L'affliction de Moder rendu tangible au travers d'une lame massive, conçue à partir d'obsidienne et insufflé du blizzard des montagnes. Ceux qui manient cette épé peuvent geler l'âme de ceux qu'ils frappent.		Mutters Kummer wurde durch Obsidian und den Hauch der Berge in einer massiven Klinge greifbar. Diejenigen, die dies ausüben, können die Seelen derer, die sie treffen, einfrieren.	El lamento de Moder se hizo tangible a través de una cuchilla hecha con la obsidiana y el frío aliento de la montaña. Se dice que su golpe puede congelar el alma de sus rivales al impacto.	В этом огромном обсидиановом мече ощущается дыхание гор и огромная скорбь Матери по ее детям. Его холод может заморозить даже самые сильные души.								Moder'in Kederi obsidiyen ve dağların nefesiyle somutlaştırıldı. Bunu kullananlar, vurdukları kişilerin ruhlarını dondurabilir.								A tristeza de Moder se tornou tangível em uma lâmina enorme através da obsidiana e a respiração das montanhas. Aqueles que o empunham podem congelar as próprias almas de quem eles atingem.	现代人的悲痛之大，透过黑曜石和山间的气息，变得有形。 那些使用它的人可以冻结他们击中的人的灵魂。	The lamentable misery of the Mother of Dragons, cast in obsidian and made manifest in the breath of the mountains. Her bite can freeze the very souls of her foes.	모더의 슬픔 그것의 위대함은 흑요석과 산의 숨결을 통해 구체화되었습니다. 이것을 다루는자는 상대의 영혼을 얼어붙게 할 수 있습니다.								
ObsidianGreatSwordRedHTD_Name	Moder's Rage		Le chagrin écarlate de Moder			Lamento de Moder Rojo	Кровавая скорбь Модера								Kızıl Moder'in Hüznü								Tristeza de Moder Avermelhada	红色莫德的悲伤	Moder's Rage	붉은 모더의 슬픔								
ObsidianGreatSwordRedHTD_Desc	The endless hatred of the Mother of Dragons, cast in obsidian and made manifest in the breath of the mountains. Her bite can freeze the very souls of her foes.		L'affliction et le tourment de Moder rendu tangible au travers d'une lame massive, conçue à partir d'obsidienne et insufflé du blizzard des montagnes. Ceux qui manient cette épé peuvent geler l'âme de ceux qu'ils frappent. Une étrange aura écarlate s'en dégage.			El lamento de Moder se hizo tangible a través de una cuchilla hecha con la obsidiana y el frío aliento de la montaña. Se dice que su golpe puede congelar el alma de sus rivales al impacto. Esta hoja brilla en rojo comparado con su forma base.	В этом огромном обсидиановом мече ощущается дыхание гор и огромная скорбь Матери по ее детям. Его холод может заморозить даже самые сильные души. Отдает красным оттенком.								Moder'in hüznü, obsidiyen ve dağların nefesi aracılığıyla devasa bir bıçakta somutlaştırıldı. Bunu kullananlar, vurduğu kişilerin ruhlarını dondurabilirler. Temel formuna kıyasla kırmızı renkte parlıyor.								A tristeza de Moder se tornou tangível em uma lâmina enorme através da obsidiana e a respiração das montanhas. Aqueles que o empunham podem congelar as próprias almas de quem eles atingem. Ela brilha em vermelho de sangue em comparação com sua forma de base.	莫德的悲伤通过黑曜石和山脉的呼吸在巨大的刀刃上变得有形。那些使用它的人可以融化他们击中人的灵魂。与其基本形态相比，它发出红色光。	The endless hatred of the Mother of Dragons, cast in obsidian and made manifest in the breath of the mountains. Her bite can freeze the very souls of her foes.	모데르의 슬픔은 흑요석과 산의 숨결을 통해 거대한 칼날에 실체를 드러냈습니다. 이것을 휘두르는 자들은 그들이 때린 자들의 영혼을 얼어붙게 할 수 있습니다. 이것은 기본 형태에 비해 빨간색으로 빛납니다.								
FlametalGreatSwordHTD_Name	Flametal Zweihander		Espadon en métal stéllaire		Flametall Großschwert	Gran espada de Flametal	Огненный длинный меч								Oddemir Büyük Kılıç						Vlammetaal Langzwaard		Grande Espada de Lumetal	烈焰巨剑	Flametal Greatsword Ather	이그나이트								
FlametalGreatSwordHTD_Desc	Crafted of flametal from the Ashlands, the fire dancing about its blade sizzles with an unnatural vigor. Cuts from this burn the body and scorch the soul alike.		Cette lame est fabriquée à partir d'un métal flamboyant des Terres de Feu. Les flammes dansent sur la lame et crépitent d'une vigueur surnaturelle. Ceux qui manient cet espadon peuvent bruler l'âme et le corps de ses ennemis.		Diese Klinge ist aus Flammental aus den Ashlands gefertigt, und die Flammen, die aus ihrer Klinge tanzen, zischen mit einer unnatürlichen Kraft. Schnitte damit würden Seele und Körper gleichermaßen versengen.	Esta hoja esta creada con un metal llameante de las Tierras de Ceniza. Las llamas danzan por la hoja mientras se elevan con una fuerza antinatural. Sus golpes quem el cuerpo y alma por igual.	Этот клинок изготовлен из огнеметалла добытого в пепельных землях, пламя танцующее на его лезвии, шипит неестественной силой. Порезы сделанные им, смогут опалить и душу, и тело.								Bu bıçak, Kül Toprakları'ndan gelen alev metalinden yapılmıştır, kılıcından çıkan alevler doğal olmayan bir güçle cızırdamaktadır. Bununla yapılan kesikler hem ruhu hem de bedeni kavurur.								Esta lâmina é feita de Lumetal das Ashlands, as chamas dançando de sua lâmina chiam com um vigor sobrenatural. Cortes com isso queimariam tanto a alma quanto o corpo.	这把刀刃由灰烬之地的火焰制成，刀刃上舞动的火焰带着不自然的活力发出嘶嘶声。 用这个切割会烧焦灵魂和身体。	Crafted of flametal from the Ashlands, the fire dancing about its blade sizzles with an unnatural vigor. Cuts from this burn the body and scorch the soul alike.	이그나이트의 검신안에서는 불꽃이 춤추고있으며 이는 상대의 영혼과 몸을 불태웁니다.								
DragonSlayerSwordHTD_Name	Dragon Slayer		Tueur de dragon		Dragon Slayer	Matadragones	Убийца Драконов								Ejderha Avcısı						Draken Doder		Matador de Dragões	屠龙者	Dragon Slayer	용 살해자								
DragonSlayerSwordHTD_Desc	It was too big to be called a sword. Massive, thick, heavy, and far too rough. Indeed, it was like a heap of raw iron. The blacksmith Godot forged this under orders to create something that could slay a dragon. It can be best described as a sharp maul, rather than a sword.   —In Memory of Kentarou Miura—		Bien trop grosse pour être considérée comme une simple épée. Massive, épaisse, lourde et très rugueuse, il ne s'agissait qu'à l'origine, d'un tas de fer brut. Le forgeron Godot l'a façonné de manière à créer de quoi tuer un dragon. Il s'agirait finalement plutôt d'une masse tranchante, qu'un espadon.		Es war zu groß, um als Schwert bezeichnet zu werden. Massiv, dick, schwer und viel zu rau. Tatsächlich war es ein Haufen Roheisen. Der Schmied Godot schmiedete dies unter dem Befehl, etwas zu schaffen, das einen Drachen töten könnte. "Es kann am besten als scharfes Hack und nicht als Schwert beschrieben werden. In Memory of Kentarou Miura, 11.07.1966 bis 06.05.2021 . Möge dein Andenken und dein Vermächtnis weiterleben."	Era demasiado grande para ser llamada espada. Enorme, gruesa, pesada y demasiado tosca, de hecho era un montón de metal en bruto. El herrero Godot forjó esto bajo las ordenes de crear algo que pudiera "Matar a un Dragón". Es mas fácil describirla como un mazo afilado que como una espada. (En memoria de Kentarou Miura, 11-07-1966 a 06-05-2021. Que tu memoria y tu legado sigan vivos.)	Он слишком огромен, чтобы называться мечем. Массивный, толстый, тяжелый и слишком грубый. Фактически, он был кучей сырого железа. Кузнец Годот выковал его по приказу создать нечто, что способно убить дракона. Лучше называть его острой булавой, чем мечом. В память о Кентаро Миюра, 11.07.1966 - 06.05.2021. Пусть память о тебе будет жить всегда.								Kılıç denilemeyecek kadar büyük. Devasa, kalın, ağır ve fazlasıyla kaba. Gerçekten de, bir ham demir yığını. Bir ejderhayı öldürebilecek bir şey yaratma fikri ile dövüldü.								Era muito grande para ser chamado de espada. Enorme, espesso, pesado e muito áspero. Na verdade, era um monte de ferro bruto. O ferreiro Godot forjou isso sob a ordem de criar algo que pudesse matar um dragão ". Pode ser melhor descrito como um maul afiado, em vez de uma espada. Em Memória de Kentarou Miura.	“它太大了，不能称为剑。又大又厚又重，而且太粗糙了。确实，它是一堆生铁。铁匠戈多为了制造可以“杀死龙”的东西而锻造了它 . 最好将它描述为一把锋利的槌子，而不是一把剑。纪念三浦健太郎，11-07-1966 至 06-05-2021。愿你的记忆和你的遗产永存。”	It was too big to be called a sword. Massive, thick, heavy, and far too rough. Indeed, it was like a heap of raw iron. The blacksmith Godot forged this under orders to create something that could slay a dragon. It can be best described as a sharp maul, rather than a sword.   —In Memory of Kentarou Miura—	이 거대한 검신은 용의 목을 베어내기에 적합합니다.								
BoneGreatSwordHTD_Name	Undying Devotion		Corps des dévoués		Körper des Ergebenen	Cuerpo del Devoto	Тело преданных								Adanmışların Bedeni						Lichaam van de Toegewijde		Devoto dos Corpos	虔诚者的身体	Undying Devotion	헌신의 몸								
BoneGreatSwordHTD_Desc	A macabre weapon formed from the twisted bones of those devoted to the dark art of necromancy. They now live forever after sacrificing their own bodies to reach that eternal state of undying they worshipped so intently. Virtually indestructible, its wielder saps energy from the foes it has slain, much like a lich.		Les os tordus de ceux qui se consacrent à l'idéologie de l'Immortel. Sacrifiant leur propre corps pour créer cette arme, afin d'atteindre l'état d'immortalité qu'ils vénéraient si intensément. Elle semble être indestructible, guérissant même lentement son porteur.		Die verdrehten Knochen derer, die sich der Ideologie der Unsterblichen verschrieben haben und ihre eigenen Körper opferten, um diese Waffe zu erschaffen, um den Zustand der Unsterblichkeit zu erreichen, den sie so intensiv verehrten. Es scheint unzerstörbar zu sein und heilt den Träger sogar langsam.	Los huesos retorcidos de los devotos a la ideología de la Inmortalidad. Sacrificando sus propios cuerpos, los devotos crearon esta arma para alcanzar el estado de inmortalidad que tanto anhelaban. Parece ser indestructible, incluso curando al portador lentamente.	Искореженные кости тех, кто предан идеологии бессмертия, жертвуя своими телами, чтобы создать это оружие и достичь состояния бессмертия, к которому они так усердно стремились. Он кажется неразрушимым и даже медленно исцелет владельца.								Ölümsüzler ideolojisine gönül verenlerin, bu silahı yaratmak için kendi bedenlerini feda edenlerin, bu kadar içtenlikle taptıkları ölümsüzlük durumuna ulaşmak için bükülmüş kemikleri. Yok edilemez gibi görünüyor, hatta sahibini yavaş yavaş iyileştiriyor.								Os ossos retorcidos daqueles devotados à ideologia dos Imortais, sacrificando seus próprios corpos para criar essa arma a fim de alcançar o estado de imortalidade que eles adoravam tão intensamente. Parece ser indestrutível, mesmo curando o portador lentamente.	那些致力于不朽意识的邪恶骷髅，牺牲自己的意识形态来制造这种武器，以达到他们唯一崇拜的不朽状态。它似乎是坚不可摧的，甚至慢慢地治愈持用者。	A macabre weapon formed from the twisted bones of those devoted to the dark art of necromancy. They now live forever after sacrificing their own bodies to reach that eternal state of undying they worshipped so intently. Virtually indestructible, its wielder saps energy from the foes it has slain, much like a lich.	뒤틀린 뼈는 그들이 열렬히 숭배했던 불멸의 상태에 도달하기 위해 이 무기를 만들기 위해 그들 자신의 몸을 희생하는 것이다. 장착 치유 효과								
BlackMetalGreatSwordAltHTD_Name	Black Metal Flamberge		Espadon exotique en sombracier		Exotisches Schwarzmetall-Großschwert	Gran espada de Metal Oscuro	Чужеземный меч из черного металла								Karametal Büyük Kılıç Yabancı						Exotisch Zwart Metaal Langzwaard		Grande Espada Exótica de Metal Negro	奇异的的黑金巨剑	Black Metal Flamberge	엑소틱 흑철 대검								
BlackMetalGreatSwordAltHTD_Desc	A wavy great sword of death. The design is foreign, but quite effective. Its blade shines a lustrous green.		Espadon ondulée. La conception est peu commune mais plutôt efficace. Sa lame luit d'un bel éclat vert.		Ein gewelltes großes Todesschwert, das Design ist fremd, aber sehr effektiv.	Una espada ondulada de la muerte, su diseño es un poco extraño pero efectivo. La hoja brilla con un verde inteso.	Двуручный меч с необычным волнистым лезвием, дизайн которого кажется не местным, но все равно является эффективным против врагов.								Dalgalı büyük bir ölüm kılıcı, tasarım yabancı ama oldukça etkili.								Uma grande espada de forma ondulante, a forma é estranha, mas bastante eficaz e mortal.	这是一把波浪形的死亡之剑，设计别具一格，但相当有效。	A wavy great sword of death. The design is foreign, but quite effective. Its blade shines a lustrous green.	물결치는 죽음의 대검인 그 디자인은 이국적이지만 꽤 효과적이다. 그 칼날은 초록색으로 빛나 아름다운 빛을 낸다.								
DeerFistsHTD_Name	Buck & Doe		Cerf et Biche		Buck 'n Doe	Buck and Doe	Кастет из рогов Эйктюра								Antilop ve Karaca						Bok en Hinde		Buck e Doe	Buck 和 Doe	Buck & Doe	벅 엔 도								
DeerFistsHTD_Desc	Leather knuckle wraps with Eikthyr's antlers strapped to the right hand. Named in honour of the kin of the god of the forest; Buck for the right hand and Doe for the left. Their unsual power grants the wielder the swiftness of the forest's denizens.		Un ensemble de gantelets fixé avec des bois d'Eikthyr et attachés par des pièces de cuir à la main droite. Lorsqu'elles sont équipées dans les deux mains, elles portent ainsi le nom de Cerf et Biche. Elle semble être habité d'un pouvoir inhabituel.		Knöchelbandagen aus Leder mit Eikthyr-Geweih an der rechten Hand, die den Namen Buck 'n Doe für die rechte und linke Bandage tragen. Es scheint eine ungewöhnliche Kraft zu haben.	Nudillos de cuero unidos a las astas de Eikthyr atadas a la mano derecha, con el nombre de Buck and Doe en referencia a cada mano, parece tener un poder inusual.	Кожаные перчатки с рогами, привязанными к правой руке, из-за чего называются Олень и Олениха. Кажется, они обладают необычной силой.								Sağ ele sarılı Eikthyr boynuzları ile deri mafsal sargıları, sağ ve sol sargılardan dolayı Antilop ve Karaca adını alır. Alışılmadık bir güce sahip gibi görünüyor.								Punhos de couro com chifres de Eikthyr amarrados à mão direita, dando o nome de Buck e Doe para os punhos direito e esquerdo. Parece ter um poder incomum.	皮革绑在右手指关节上包裹着Eikthyr的鹿角，浮现出Buck和Doe的名字。它似乎有一种不同寻常的力量。	Leather knuckle wraps with Eikthyr's antlers strapped to the right hand. Named in honour of the kin of the god of the forest; Buck for the right hand and Doe for the left. Their unsual power grants the wielder the swiftness of the forest's denizens.	가죽 손가락 마디가 에이크티르의 뿔로 오른손에 감겨 오른쪽과 왼쪽을 감쌀 때 벅과 도라는 이름을 붙인다. 그것은 특이한 힘을 가지고 있는 것 같다.								
BronzeFistsHTD_Name	Bronze Knuckles		Griffe en bronze		Bronzeknöchel	Nudillos de Bronce	Бронзовый кастет								Bronz Muşta						Bronzen Knokkels		Manoplas de Bronze	青铜手套	Bronze Knuckles	청동 불주먹								
BronzeFistsHTD_Desc	A set of knuckle wraps fixed with bronze that not only protect the user's hands, but also inflict more damage with each strike.		Un ensemble de gantelets fixés avec du bronze. Protège les mains de l'utilisateur, mais permet également d'infliger plus de dégâts à ses ennemis.		Ein Set mit bronzenen Panzerhandschuhen, die nicht nur die Hände des Benutzers schützen, sondern auch den getroffenen Personen mehr Schaden zufügen.	Un conjunto de guantes fijados con bronce que no solo sirven para proteger las manos del portador, sino también para inflingir más daño a quienes golpea.	Набор перчаток, с прикрепленной бронзой, чтобы не только защитить руки пользователя, но и помочь нанести больший урон тем, кого они поражают.								Sadece kullanıcının ellerini korumakla kalmayıp aynı zamanda vurduğu kişilere daha fazla hasar vermesine yardımcı olmak için bronzla sabitlenmiş bir dizi eldiven.								Um conjunto de manoplas fixadas com bronze para não apenas proteger as mãos do usuário, mas também para ajudar a infligir mais danos àqueles que atingirem.	一副用青铜制作的护手套，不仅可以保护你的双手，还可以帮助你击败敌人。	A set of knuckle wraps fixed with bronze that not only protect the user's hands, but also inflict more damage with each strike.	성사동 수연이 주먹								
IronFistsHTD_Name	Iron Knuckles		Griffe en fer		Eiserne Knöchel	Nudillos de Hierro	Железный кастет								Demir Muşta						Ijzeren Knokkels		Manoplas de Ferro	铁手套	Iron Knuckles	철 얼음주먹								
IronFistsHTD_Desc	A sturdy set of gauntlets studded with iron plates, granting great weight and force to each swing. Inflicts heavy damage with each strike.		Un ensemble de gantelets fixé avec du fer. Protège les mains de l'utilisateur, mais permet également d'infliger plus de dégâts à ses ennemis.		Ein Satz mit Eisen befestigter Stulpen, die nicht nur die Hände des Benutzers schützen, sondern auch den getroffenen Personen mehr Schaden zufügen.	Un conjunto de guantes fijados con hierro que no solo sirven para proteger las manos del portador, sino también para inflingir más daño a quienes golpea.	Набор перчаток, с прикрепленным железом, чтобы не только защитить руки пользователя, но и помочь нанести больший урон тем, кого они поражают.								Sadece kullanıcının ellerini korumakla kalmayıp aynı zamanda vurduğu kişilere daha fazla hasar vermesine yardımcı olmak için demirle sabitlenmiş bir dizi eldiven.								Um conjunto de manoplas fixadas com ferro não apenas para proteger as mãos do usuário, mas também para ajudar a infligir mais danos àqueles que atingirem.	一副用铁制作的护手套，不仅可以保护你的双手，还可以帮助你击败敌人。	A sturdy set of gauntlets studded with iron plates, granting great weight and force to each swing. Inflicts heavy damage with each strike.	성사동 대성이 주먹								
SilverFistsHTD_Name	Silver Claws		Griffe en argent			Colmillos de Plata	Серебряные когти								Gümüş Pençeler								Garras de Prata		Silver Claws									
SilverFistsHTD_Desc	A pair of iron gauntlets, padded with wolf hide and bristling with a set of glistening silver blades. Shreds apart flesh, living or dead alike.		Un ensemble de gantelets fixés avec de l'argent. Protège les mains de l'utilisateur, mais permet également d'infliger plus de dégâts à ses ennemis.			Un par de guantes de lobo con hojas dobles hechas de plata. Excelentes para triturar carne, viva o no-muerta.	Пара перчаток в виде лап волка с серебряными лезвиями, прекрасно подходит для разрезания плоти, живой или мертвой								Canlı veya ölümsüz, eti parçalamak için harika, çift gümüş bıçaklı bir demir kurt eldiveni.								Um par de manoplas de lobo de ferro com lâminas duplas prateadas, ótimas para retalhar carne, viva ou morta-viva.		A pair of iron gauntlets, padded with wolf hide and bristling with a set of glistening silver blades. Shreds apart flesh, living or dead alike.									
BronzeCrowbillHTD_Name	Bronze Crowbill		Bec-de-pie			Bec de Corbin de Bronce	Бронзовый вороний клюв								Bronz Karga Gagası								Machadinha Multi Tarefas de Bronze		Bronze Crowbill									
BronzeCrowbillHTD_Desc	A clever fusion of hammer and pick, to pummel and pierce with equal ease.		L'assemblage d'un marteau et d'une pioche. Ce marteau-piolet en bronze peut être utilisé pour percer ou frapper des cibles.			Una fusión de un martillo y un pico, puede ser usado para atravesar o golpear objetivos.	Смесь молота и кирки, которую можно использовать для пробития или оглушения врагов.								Çekiç ve kazma karışımı olan bu bronz karga gagası, hedefleri delmek ve onlara vurmak için kullanılabilir.								Uma mistura de um martelo e uma picareta,está ferramenta de bronze pode ser usado para perfurar, esmagar e cortas alvos.		A clever fusion of hammer and pick, to pummel and pierce with equal ease.									
BronzeGreatSwordHTD_Name	Bronze Khopesh		Espadon en bronze			Gran espada de Bronce	Бронзовый длинный меч								Bronz Büyük Kılıç								Khopesh de Bronze		Bronze Khopesh	청동 대검								
BronzeGreatSwordHTD_Desc	A greatsword with a uniquely curved blade, inspired by the weapons of warriors from an extremely arid land.		Une épée à deux mains d'une conception unique, dont on dit qu'elle s'inspire des épées de guerriers d'une terre extrêmement aride.			Un espadón con diseño único, se dice que está inspirada en las espadas de los guerreros provenientes de tierras extremandamente áridas.	Длинный меч с уникальным дизайном, воодушевленный мечами войнов из чрезвычайно засушливых регионов.								Son derece kurak bir ülkeden gelen savaşçıların kılıçlarından ilham aldığı söylenen, benzersiz bir şekilde tasarlanmış harika bir kılıç.								Uma espada larga com um design único, que se diz ter sido inspirada nas espadas dos guerreiros de uma terra extremamente árida.		A greatsword with a uniquely curved blade, inspired by the weapons of warriors from an extremely arid land.									
BronzeBattleaxeHTD_Name	Bronze Battleaxe		Hache de guerre en bronze			Hacha de guerra de Bronce	Бронзовая секира								Bronz Savaş Baltası								Machado de Batalha de Bronze		Bronze Battleaxe Ather	청동 전투도끼								
BronzeBattleaxeHTD_Desc	A hefty battleaxe with a head of burnished bronze. Makes light work of felling foes or forests.		Une hache de combat en bronze. Idéale pour fendre des groupes d'ennemis. Peut être utilisé pour couper du bois en un rien de temps.			Un hacha de guerra de bronce, buena para limpiar grupos de enemigos enteros. Puede usarse para cortar madera en un parpadeo.	Бронзовый двуручный топор, который идеально подходит для рубки полчищ врагов. В крайнем случае можно использовать для колки дров.								Düşman gruplarını parçalamak için harika bir bronz savaş baltası. Bir tutam odun kesmek için de kullanılabilir.								Um machado de batalha de bronze, ótimo para dividir grupos de inimigos. Pode ser usado para cortar lenha.		A hefty battleaxe with a head of burnished bronze. Makes light work of felling foes or forests.									
BronzeHammerHTD_Name	Bronze Sledge		Luge en bronze			Almádena de Bronce	Бронзовый молот								Bronz Balyoz								Marreta de Bronze		Bronze Sledge Ather	청동 해머								
BronzeHammerHTD_Desc	A massive heap of blunt bronze on a stick. Its weight alone yields crushing force.		Un gros morceau de bronze avec lequel il sera bon d'arpenter les sommets enneigés.			Un gran trozo de bronce que es muy bueno para aporrear cosas.	Большой кусок бронзы, которым очень удобно колотить различне вещи.								Bir şeyleri ezmek için harika bir büyük bronz balyoz.								Um grande pedaço de bronze que será ótimo esmagar ossos e outras coisas.		A massive heap of blunt bronze on a stick. Its weight alone yields crushing force.									
ArmorHelmetBoarHTD_Name	Boar Berserker Headdress																																	
ArmorHelmetBoarHTD_Desc	The severed head of a great boar, worn as a headdress.																																	
ArmorChestBoarHTD_Name	Boar Berserker Chest																																	
ArmorChestBoarHTD_Desc	A leather armband with tusks secured to it along with a leather shoulder guard also adorned with tusks.																																	
ArmorLegsBoarHTD_Name	Boar Berserker Skirt																																	
ArmorLegsBoarHTD_Desc	A thick skirt made with leather paired with form fitting leather boots.																																	
ArmorShoulderBoarHTD_Name	Boar Berserker Scarf																																	
ArmorShoulderBoarHTD_Desc	Two pieces of leather make up this scarf, secured together with a pin made from a boar tusk.																																	
